{
  "ResultCount": 10,
  "ItemToLoad": 8,

  "Results": [{
      "Url": "//scholarship_browser/Edmund Rice Education Australia",
      "StudentType": "Current Students",
      "ScholarshipTitle": "Edmund Rice Education Australia & St Joseph's College, Gregory Terrace - Equity Scholarship",
      "ScholarshipDescription": "The Edmund Rice Education Australia and St Joseph’s College, Gregory Terrace Equity Scholarship aims to improve participation in higher education by students who have encountered physical, social or financial barriers to education.",
      "ScholarshipStatus": "Closed",
      "ScholarShipValue": "One scholarship valued at $15,000 is available each year, paid as one instalment per semester for the duration of the course.$2,500 per semester is available for a three year program.                     $1,875 per semester is available for a four year program",
      "ScholarShipOpenDate": "07 August 2017",
      "ScholarShipCloseDate": "01 September 2017",
      "ScholarshipType": "Merit",
      "CTAText": "View Details"
    }, {
      "Url": "/scholarship_browser/Catherine McAuley Scholarship",
      "StudentType": "Future Students",
      "ScholarshipTitle": "Catherine McAuley Scholarship",
      "ScholarshipDescription": "This is an endowed scholarship established in 2006 by the Sisters of Mercy in Queensland to honour Sister Catherine McAuley, founder of the Sisters of Mercy, and in recognition of the predecessor college McAuley College",
      "ScholarshipStatus": "Open now",
      "ScholarShipValue": "The scholarship is valued at up to $12,500. It will be paid in instalments of $2,500 per annum for the minimum duration of your course.There is one scholarship available.",
      "ScholarShipOpenDate": "Friday, 21 July 2017",
      "ScholarShipCloseDate": "Sunday, 5 March 2018",
      "ScholarshipType": "Merit",
      "CTAText": "Register For Scholarship Alerts"
    }, {
      "Url": "/scholarship_browser/Council of Catholic School Parents Scholarship",
      "StudentType": "Current Students",
      "ScholarshipTitle": "Council of Catholic School Parents (NSW) Scholarship",
      "ScholarshipDescription": "The Council of Catholic School Parents (CCSP) is the peak body representing the interests of Catholic school parents in NSW/ACT and is the largest non-government school parent body in NSW. Established in 2016, the scholarship is awarded to students who demonstrate interest in parent engagement in Catholic Education.",
      "ScholarshipStatus": "Pending",
      "ScholarShipValue": "The scholarship is valued at $2,500, to be paid in one lump sum.There is one scholarship available.",
      "ScholarShipOpenDate": "Friday, 21 July 2017",
      "ScholarShipCloseDate": "Monday, 12 March 2018",
      "ScholarshipType": "Current",
      "CTAText": "Register For Scholarship Alerts"
    },
    {
      "Url": "/scholarship_browser/Emergency Nursing Advocacy Bursary",
      "StudentType": "Alumni",
      "ScholarshipTitle": "Emergency Nursing Advocacy Bursary",
      "ScholarshipDescription": "The Emergency Nursing staff of St Vincent’s Hospital Melbourne have raised funds over the years to establish this bursary to support socially and economically disadvantaged students who aspire to join the nursing profession. Established in 2014 this bursary offers students the opportunity to be supported whilst studying Nursing at ACU and the opportunity to interview for a graduate year at St Vincent’s Hospital Melbourne.",
      "ScholarshipStatus": "Closed",
      "ScholarShipValue": "The scholarship is valued at $2,500, to be paid in one lump sum.There is one scholarship available.",
      "ScholarShipOpenDate": "Friday, 21 July 2017",
      "ScholarShipCloseDate": "Monday, 12 March 2018",
      "ScholarshipType": "Equity",
      "CTAText": "Register For Scholarship Alerts"
    },

    {
      "Url": "/scholarship_browser/Fernanda de Carvalho Memorial Jarjum Scholarship",
      "StudentType": "Alumni",
      "ScholarshipTitle": "Fernanda de Carvalho Memorial Jarjum Scholarship",
      "ScholarshipDescription": "Established in 2015 to contribute to the development of Indigenous primary school teachers formed in the Catholic tradition, in memory of Ms Fernanda de Carvalho.",
      "ScholarshipStatus": "Closed",
      "ScholarShipValue": "One scholarship valued at $5,000 is available, paid in two instalments - one before placement and the second after the completion of all course requirements",
      "ScholarShipOpenDate": "CLOSED",
      "ScholarShipCloseDate": "CLOSED",
      "ScholarshipType": "Current",
      "CTAText": "Register For Scholarship Alerts"
    },


    {
      "Url": "/scholarship_browser/Albert Coates/Australian Legion of Ex Servicemen and Women Scholarship",
      "StudentType": "Alumni",
      "ScholarshipTitle": "Albert Coates/Australian Legion of Ex Servicemen and Women Scholarship",
      "ScholarshipDescription": "Established in 2015 by the Albert Coates Memorial Trust, the Scholarship is intended to assist second year students with course related costs, including the expense of undertaking regional placement.",
      "ScholarshipStatus": "Closed",
      "ScholarShipValue": "The scholarship is valued at $2,500, to be paid in one lump sum.There is one scholarship available.",
      "ScholarShipOpenDate": "Friday, 21 July 2017",
      "ScholarShipCloseDate": "Monday, 12 March 2018",
      "ScholarshipType": "Equity",
      "CTAText": "Register For Scholarship Alerts"
    },


    {
      "Url": "/scholarship_browser/ACU Law - Aboriginal and Torres Strait Islander Equity Scholarship",
      "StudentType": "Current",
      "ScholarshipTitle": "ACU Law - Aboriginal and Torres Strait Islander Equity Scholarship",
      "ScholarshipDescription": "Established in 2013, the ACU Law - Aboriginal and Torres Strait Islander Equity Scholarship is intended to assist students from Aboriginal and Torres Strait Islander backgrounds.",
      "ScholarshipStatus": "Closed",
      "ScholarShipValue": "$5,000, paid in one lump sum.Two scholarships are available.",
      "ScholarShipOpenDate": "Monday, 24 July 2017",
      "ScholarShipCloseDate": "Monday, 12 March 2018",
      "ScholarshipType": "Equity",
      "CTAText": "Register For Scholarship Alerts"
    },

    {
      "Url": "/scholarship_browser/Anne Lyons Memorial Travel Scholarship",
      "StudentType": "Current",
      "ScholarshipTitle": "Anne Lyons Memorial Travel Scholarship (Undergraduates)",
      "ScholarshipDescription": "Established in 1994 as a tangible memorial to the life and contribution of Anne Lyons (nee Byrne), a scholar, wife and teacher who died of cancer in 1987 at the age of 42 and whose prevailing passion was the study and pursuit of social justice in Australia.",
      "ScholarShipValue": "The scholarship is valued at $6,000, to be paid in one lump sum.There is one scholarship available.",
      "ScholarShipOpenDate": "Friday, 21 July 2017",
      "ScholarShipCloseDate": "Monday, 12 March 2018",
      "ScholarshipType": "Merit",
      "CTAText": "Register For Scholarship Alerts"
    },

    {
      "Url": "/scholarship_browser/Aquinas Early Achievers Program (EAP) Scholarship",
      "StudentType": "Commencing",
      "ScholarshipTitle": "Aquinas Early Achievers Program (EAP) Scholarship",
      "ScholarshipDescription": "Established in 2017 by the ACU Aquinas Campus Dean, Associate Professor Joe Fleming, to recognise students' community service, leadership, and excellence by commencing EAP students.",
      "ScholarshipStatus": "Closed",
      "ScholarShipValue": "The scholarship is valued at $2,000, to be paid in one lump sum.There is one scholarship available.",
      "ScholarShipOpenDate": "Wednesday, 16 August 2017",
      "ScholarShipCloseDate": "Monday, 12 March 2018",
      "ScholarshipType": "Merit",
      "CTAText": "Register For Scholarship Alerts"
    },

    {
      "Url": "/scholarship_browser/Elite Athlete and Performer Program Scholarship",
      "StudentType": "Commencing and Current",
      "ScholarshipTitle": "Elite Athlete and Performer Program Scholarship",
      "ScholarshipDescription": "The Elite Athlete and Performer Program (EAPP) is a Student Engagement and Services initiative to support student athletes and performers dual career. This Financial EAPP Scholarship is designed to support elite athletes who participate in national or international competition. As student athletes or performers the opportunity to earn an income on top of an already demanding training and study load is difficult. This scholarship is designed to support student athletes and performers in succeeding in elite competition and academic goals",
      "ScholarshipStatus": "Closed",
      "ScholarShipValue": "Up to $2,000 available, depending on the elite level of the athlete or performer, to be paid in one lump sum.There is one scholarship available.",
      "ScholarShipOpenDate": "CLOSED",
      "ScholarShipCloseDate": "CLOSED",
      "ScholarshipType": "Merit",
      "CTAText": "Register For Scholarship Alerts"
    }



  ]
}