{
  "title": "ACU Style Guide",
  "source": [
      "styleGuideSrc/"
    ],
    "destination":  "style-guide/",

    "homepage": "documentation_comp_style/homepage.md",

    "builder": "node_modules/michelangelo/kss_styleguide/custom-template",

    "css": [
      "../fonts/MyFontsWebfontsKit/MyFontsWebfontsKit.css",
      "../fonts/Miller_font.css",
      "../fonts/icon-fonts.css",
      "../fonts/tmp-fonts.css",
      "../css/bootstrap/bootstrap.css",
      "../css/acu-style.css",
      "css/kss-override,css"
    ],
    "js": [
      "../js/jquery-3.3.1.min.js",
      "../js/bootstrap/bootstrap.min.js",
      "../js/vendor/popper.min.js",
      "../js/vendor/scrollPosStyler.min.js",
      "../js/vendor/modernizr-custom.min.js"
    ]
  }
